title,category,videoUrl,isIframe,thumbnail,description,year
Big Buck Bunny,Animation,https://www.youtube.com/watch?v=YE7VzlLtp-4,,,A giant rabbit deals with three bullying rodents. Blender Foundation open movie.,2008
Sintel,Animation,https://www.youtube.com/watch?v=eRsGyueVLvQ,,,A lone girl searches for a baby dragon across a barren world.,2010
Tears of Steel,Sci-Fi,https://www.youtube.com/watch?v=R6MlUcmOul8,,,A group of warriors and scientists gather to reclaim earth from robots.,2012
Cosmos Laundromat,Animation,https://www.youtube.com/watch?v=Y-rmzh0PI3c,,,A depressed sheep gets a chance to restart his life on a spectacular adventure.,2015
Ep 1,Our Secret,https://bigf.bigo.sg/asia_live/V4s7/1ZAJHX.mp4,FALSE,N/A,Our Secret movie,N/A
Ep 2,Our Secret,https://bigf.bigo.sg/asia_live/V4s7/1ZKbtj.mp4,FALSE,N/A,Our Secret movie,N/A
Ep 3,Our Secret,https://bigf.bigo.sg/asia_live/V4s7/0aUV2v.mp4,FALSE,N/A,Our Secret movie,N/A
Ep 4,Our Secret,https://bigf.bigo.sg/asia_live/V4s7/2BEdPV.mp4,FALSE,N/A,Our Secret movie,N/A
Ep 5,Our Secret,https://bigf.bigo.sg/asia_live/V4s7/0DOyab.mp4,FALSE,N/A,Our Secret movie,N/A
Ep 6,Our Secret,https://bigf.bigo.sg/asia_live/V4s7/0AVh7y.mp4,FALSE,N/A,Our Secret movie,N/A
Ep 7,Our Secret,https://bigf.bigo.sg/asia_live/V4s7/2Di2yD.mp4,FALSE,N/A,Our Secret movie,N/A
Ep 8,Our Secret,https://bigf.bigo.sg/asia_live/V4s7/2Dt1fD.mp4,FALSE,N/A,Our Secret movie,N/A
Ep 9,Our Secret,https://bigf.bigo.sg/asia_live/V4s7/1F4nKc.mp4,FALSE,N/A,Our Secret movie,N/A
Ep 10,Our Secret,https://bigf.bigo.sg/asia_live/V4s7/1B80p0.mp4,FALSE,N/A,Our Secret movie,N/A
Ep 11,Our Secret,https://bigf.bigo.sg/asia_live/V4s7/1QWotl.mp4,FALSE,N/A,Our Secret movie,N/A
Ep 12,Our Secret,https://bigf.bigo.sg/asia_live/V4s7/2VlITq.mp4,FALSE,N/A,Our Secret movie,N/A
Ep 13,Our Secret,https://bigf.bigo.sg/asia_live/V4s7/0VuX04.mp4,FALSE,N/A,Our Secret movie,N/A
Ep 14,Our Secret,https://bigf.bigo.sg/asia_live/V4s7/2Gp0c2.mp4,FALSE,N/A,Our Secret movie,N/A
Ep 15,Our Secret,https://bigf.bigo.sg/asia_live/V4s7/2K3DmF.mp4,FALSE,N/A,Our Secret movie,N/A
Ep 16,Our Secret,https://bigf.bigo.sg/asia_live/V4s7/0H7vTE.mp4,FALSE,N/A,Our Secret movie,N/A
Ep 17,Our Secret,https://bigf.bigo.sg/asia_live/V4s7/2KLhFk.mp4,FALSE,N/A,Our Secret movie,N/A
Ep 18,Our Secret,https://bigf.bigo.sg/asia_live/V4s7/1LVmX3.mp4,FALSE,N/A,Our Secret movie,N/A
Ep 19,Our Secret,https://bigf.bigo.sg/asia_live/V4s7/2RmTkN.mp4,FALSE,N/A,Our Secret movie,N/A
Ep 20,Our Secret,https://bigf.bigo.sg/asia_live/V4s7/0KpkbY.mp4,FALSE,N/A,Our Secret movie,N/A
Ep 21,Our Secret,https://bigf.bigo.sg/asia_live/V4s7/0L0wuF.mp4,FALSE,N/A,Our Secret movie,N/A
Ep 22,Our Secret,https://bigf.bigo.sg/asia_live/V4s7/1dRO39.mp4,FALSE,N/A,Our Secret movie,N/A
Ep 23,Our Secret,https://bigf.bigo.sg/asia_live/V4s7/0GE2F1.mp4,FALSE,N/A,Our Secret movie,N/A
Ep 24,Our Secret,https://bigf.bigo.sg/asia_live/V4s7/1DMFhm.mp4,FALSE,N/A,Our Secret movie,N/A
Ep 1,ជួបស្នេហ៍ចៃដន្យ,https://bigf.bigo.sg/asia_live/V4s7/23VucO.mp4,FALSE,N/A,ជួបស្នេហ៍ចៃដន្យ,N/A
Ep 2,ជួបស្នេហ៍ចៃដន្យ,https://bigf.bigo.sg/asia_live/V4s7/1IkrSB.mp4,FALSE,N/A,ជួបស្នេហ៍ចៃដន្យ,N/A
Ep 3,ជួបស្នេហ៍ចៃដន្យ,https://bigf.bigo.sg/asia_live/V4s7/1IktTZ.mp4,FALSE,N/A,ជួបស្នេហ៍ចៃដន្យ,N/A
Ep 4,ជួបស្នេហ៍ចៃដន្យ,https://bigf.bigo.sg/asia_live/V4s7/1IkvkN.mp4,FALSE,N/A,ជួបស្នេហ៍ចៃដន្យ,N/A
Ep 5,ជួបស្នេហ៍ចៃដន្យ,https://bigf.bigo.sg/asia_live/V4s7/2Bd9ik.mp4,FALSE,N/A,ជួបស្នេហ៍ចៃដន្យ,N/A
Ep 6,ជួបស្នេហ៍ចៃដន្យ,https://bigf.bigo.sg/asia_live/V4s7/2IlIPB.mp4,FALSE,N/A,ជួបស្នេហ៍ចៃដន្យ,N/A
Ep 7,ជួបស្នេហ៍ចៃដន្យ,https://bigf.bigo.sg/asia_live/V4s7/2wPyM6.mp4,FALSE,N/A,ជួបស្នេហ៍ចៃដន្យ,N/A
Ep 8,ជួបស្នេហ៍ចៃដន្យ,https://bigf.bigo.sg/asia_live/V4s7/0Y0UkT.mp4,FALSE,N/A,ជួបស្នេហ៍ចៃដន្យ,N/A
Ep 9,ជួបស្នេហ៍ចៃដន្យ,https://bigf.bigo.sg/asia_live/V4s7/04X3Xt.mp4,FALSE,N/A,ជួបស្នេហ៍ចៃដន្យ,N/A
Ep 10,ជួបស្នេហ៍ចៃដន្យ,https://bigf.bigo.sg/asia_live/V4s7/23WDIC.mp4,FALSE,N/A,ជួបស្នេហ៍ចៃដន្យ,N/A
Ep 11,ជួបស្នេហ៍ចៃដន្យ,https://bigf.bigo.sg/asia_live/V4s7/1TvLPL.mp4,FALSE,N/A,ជួបស្នេហ៍ចៃដន្យ,N/A
Ep 12,ជួបស្នេហ៍ចៃដន្យ,https://bigf.bigo.sg/asia_live/V4s7/2Y1mF5.mp4,FALSE,N/A,ជួបស្នេហ៍ចៃដន្យ,N/A
Ep 13,ជួបស្នេហ៍ចៃដន្យ,https://bigf.bigo.sg/asia_live/V4s7/24Xa2J.mp4,FALSE,N/A,ជួបស្នេហ៍ចៃដន្យ,N/A
Ep 14,ជួបស្នេហ៍ចៃដន្យ,https://bigf.bigo.sg/asia_live/V4s7/2Ben0A.mp4,FALSE,N/A,ជួបស្នេហ៍ចៃដន្យ,N/A
Ep 15,ជួបស្នេហ៍ចៃដន្យ,https://bigf.bigo.sg/asia_live/V4s7/2IlZ9l.mp4,FALSE,N/A,ជួបស្នេហ៍ចៃដន្យ,N/A
Ep 16,ជួបស្នេហ៍ចៃដន្យ,https://bigf.bigo.sg/asia_live/V4s7/03WKBm.mp4,FALSE,N/A,ជួបស្នេហ៍ចៃដន្យ,N/A
Ep 17,ជួបស្នេហ៍ចៃដន្យ,https://bigf.bigo.sg/asia_live/V4s7/27anCu.mp4,FALSE,N/A,ជួបស្នេហ៍ចៃដន្យ,N/A
Ep 18,ជួបស្នេហ៍ចៃដន្យ,https://bigf.bigo.sg/asia_live/V4s7/06ZQmP.mp4,FALSE,N/A,ជួបស្នេហ៍ចៃដន្យ,N/A
Ep 19,ជួបស្នេហ៍ចៃដន្យ,https://bigf.bigo.sg/asia_live/V4s7/0CfN4p.mp4,FALSE,N/A,ជួបស្នេហ៍ចៃដន្យ,N/A
Ep 20,ជួបស្នេហ៍ចៃដន្យ,https://bigf.bigo.sg/asia_live/V4s7/2IlfPN.mp4,FALSE,N/A,ជួបស្នេហ៍ចៃដន្យ,N/A
Ep 21,ជួបស្នេហ៍ចៃដន្យ,https://bigf.bigo.sg/asia_live/V4s7/0IljQx.mp4,FALSE,N/A,ជួបស្នេហ៍ចៃដន្យ,N/A
Ep 22,ជួបស្នេហ៍ចៃដន្យ,https://bigf.bigo.sg/asia_live/V4s7/1Y18hT.mp4,FALSE,N/A,ជួបស្នេហ៍ចៃដន្យ,N/A
Ep 23,ជួបស្នេហ៍ចៃដន្យ,https://bigf.bigo.sg/asia_live/V4s7/1Y1B15.mp4,FALSE,N/A,ជួបស្នេហ៍ចៃដន្យ,N/A
Ep 24,ជួបស្នេហ៍ចៃដន្យ,https://bigf.bigo.sg/asia_live/V4s7/24Y4t7.mp4,FALSE,N/A,ជួបស្នេហ៍ចៃដន្យ,N/A
Ep 1,និស្ស័យស្នេហ៍ឋានសួគ៌ (RHM),https://1a-1791.com/video/fww1/d8/s8/2/5/f/8/P/5f8Py.aaa.mp4,FALSE,N/A,និស្ស័យស្នេហ៍ឋានសួគ៌ (RHM),N/A
Ep 2,និស្ស័យស្នេហ៍ឋានសួគ៌ (RHM),https://1a-1791.com/video/fww1/d2/s8/2/z/F/p/Q/zFpQy.aaa.mp4,FALSE,N/A,និស្ស័យស្នេហ៍ឋានសួគ៌ (RHM),N/A
Ep 3,និស្ស័យស្នេហ៍ឋានសួគ៌ (RHM),https://1a-1791.com/video/fww1/cc/s8/2/z/U/I/Q/zUIQy.aaa.mp4,FALSE,N/A,និស្ស័យស្នេហ៍ឋានសួគ៌ (RHM),N/A
Ep 4,និស្ស័យស្នេហ៍ឋានសួគ៌ (RHM),https://1a-1791.com/video/fww1/7e/s8/2/H/J/b/S/HJbSy.aaa.mp4,FALSE,N/A,និស្ស័យស្នេហ៍ឋានសួគ៌ (RHM),N/A
Ep 5,និស្ស័យស្នេហ៍ឋានសួគ៌ (RHM),https://1a-1791.com/video/fww1/a1/s8/2/H/K/b/S/HKbSy.aaa.mp4,FALSE,N/A,និស្ស័យស្នេហ៍ឋានសួគ៌ (RHM),N/A
Ep 6,និស្ស័យស្នេហ៍ឋានសួគ៌ (RHM),https://1a-1791.com/video/fww1/48/s8/2/z/l/q/U/zlqUy.aaa.mp4,FALSE,N/A,និស្ស័យស្នេហ៍ឋានសួគ៌ (RHM),N/A
Ep 7,និស្ស័យស្នេហ៍ឋានសួគ៌ (RHM),https://1a-1791.com/video/fww1/ad/s8/2/p/m/q/U/pmqUy.aaa.mp4,FALSE,N/A,និស្ស័យស្នេហ៍ឋានសួគ៌ (RHM),N/A
Ep 8,និស្ស័យស្នេហ៍ឋានសួគ៌ (RHM),https://1a-1791.com/video/fww1/ae/s8/2/n/n/q/U/nnqUy.aaa.mp4,FALSE,N/A,និស្ស័យស្នេហ៍ឋានសួគ៌ (RHM),N/A
Ep 9,និស្ស័យស្នេហ៍ឋានសួគ៌ (RHM),https://1a-1791.com/video/fww1/f5/s8/2/d/o/q/U/doqUy.aaa.mp4,FALSE,N/A,និស្ស័យស្នេហ៍ឋានសួគ៌ (RHM),N/A
Ep 10,និស្ស័យស្នេហ៍ឋានសួគ៌ (RHM),https://1a-1791.com/video/fww1/6f/s8/2/5/y/5/U/5y5Uy.aaa.mp4,FALSE,N/A,និស្ស័យស្នេហ៍ឋានសួគ៌ (RHM),N/A
Ep 11,និស្ស័យស្នេហ៍ឋានសួគ៌ (RHM),https://1a-1791.com/video/fww1/a9/s8/2/P/M/5/U/PM5Uy.aaa.mp4,FALSE,N/A,និស្ស័យស្នេហ៍ឋានសួគ៌ (RHM),N/A
Ep 12,និស្ស័យស្នេហ៍ឋានសួគ៌ (RHM),https://1a-1791.com/video/fww1/0b/s8/2/P/A/V/Y/PAVYy.aaa.mp4,FALSE,N/A,និស្ស័យស្នេហ៍ឋានសួគ៌ (RHM),N/A
Ep 13,និស្ស័យស្នេហ៍ឋានសួគ៌ (RHM),https://1a-1791.com/video/fww1/1f/s8/2/5/B/V/Y/5BVYy.aaa.mp4,FALSE,N/A,និស្ស័យស្នេហ៍ឋានសួគ៌ (RHM),N/A
Ep 14,និស្ស័យស្នេហ៍ឋានសួគ៌ (RHM),https://1a-1791.com/video/fww1/41/s8/2/p/D/V/Y/pDVYy.aaa.mp4,FALSE,N/A,និស្ស័យស្នេហ៍ឋានសួគ៌ (RHM),N/A
Ep 15,និស្ស័យស្នេហ៍ឋានសួគ៌ (RHM),https://1a-1791.com/video/fww1/2a/s8/2/X/4/a/Z/X4aZy.aaa.mp4,FALSE,N/A,និស្ស័យស្នេហ៍ឋានសួគ៌ (RHM),N/A
Ep 16,និស្ស័យស្នេហ៍ឋានសួគ៌ (RHM),https://1a-1791.com/video/fww1/46/s8/2/X/5/a/Z/X5aZy.aaa.mp4,FALSE,N/A,និស្ស័យស្នេហ៍ឋានសួគ៌ (RHM),N/A
Ep 17,និស្ស័យស្នេហ៍ឋានសួគ៌ (RHM),https://1a-1791.com/video/fww1/59/s8/2/l/7/a/Z/l7aZy.aaa.mp4,FALSE,N/A,និស្ស័យស្នេហ៍ឋានសួគ៌ (RHM),N/A
Ep 18,និស្ស័យស្នេហ៍ឋានសួគ៌ (RHM),https://1a-1791.com/video/fww1/cf/s8/2/t/8/a/Z/t8aZy.aaa.mp4,FALSE,N/A,និស្ស័យស្នេហ៍ឋានសួគ៌ (RHM),N/A
Ep 19,និស្ស័យស្នេហ៍ឋានសួគ៌ (RHM),https://1a-1791.com/video/fww1/7f/s8/2/p/9/a/Z/p9aZy.aaa.mp4,FALSE,N/A,និស្ស័យស្នេហ៍ឋានសួគ៌ (RHM),N/A
Ep 20,និស្ស័យស្នេហ៍ឋានសួគ៌ (RHM),https://1a-1791.com/video/fww1/fc/s8/2/v/b/j/0/vbj0y.aaa.mp4,FALSE,N/A,និស្ស័យស្នេហ៍ឋានសួគ៌ (RHM),N/A
Ep 21,និស្ស័យស្នេហ៍ឋានសួគ៌ (RHM),https://1a-1791.com/video/fww1/9a/s8/2/4/R/B/0/4RB0y.aaa.mp4,FALSE,N/A,និស្ស័យស្នេហ៍ឋានសួគ៌ (RHM),N/A
Ep 22,និស្ស័យស្នេហ៍ឋានសួគ៌ (RHM),https://1a-1791.com/video/fww1/d3/s8/2/I/P/W/0/IPW0y.aaa.mp4,FALSE,N/A,និស្ស័យស្នេហ៍ឋានសួគ៌ (RHM),N/A
Ep 23,និស្ស័យស្នេហ៍ឋានសួគ៌ (RHM),https://1a-1791.com/video/fww1/5e/s8/2/6/-/5/0/6-50y.aaa.mp4,FALSE,N/A,និស្ស័យស្នេហ៍ឋានសួគ៌ (RHM),N/A
Ep 24,និស្ស័យស្នេហ៍ឋានសួគ៌ (RHM),https://1a-1791.com/video/fww1/54/s8/2/e/B/k/2/eBk2y.aaa.mp4,FALSE,N/A,និស្ស័យស្នេហ៍ឋានសួគ៌ (RHM),N/A
Ep 25,និស្ស័យស្នេហ៍ឋានសួគ៌ (RHM),https://1a-1791.com/video/fww1/44/s8/2/S/H/w/2/SHw2y.aaa.mp4,FALSE,N/A,និស្ស័យស្នេហ៍ឋានសួគ៌ (RHM),N/A
Ep 26,និស្ស័យស្នេហ៍ឋានសួគ៌ (RHM),https://1a-1791.com/video/fww1/4c/s8/2/A/d/P/2/AdP2y.aaa.mp4,FALSE,N/A,និស្ស័យស្នេហ៍ឋានសួគ៌ (RHM),N/A
Ep 27,និស្ស័យស្នេហ៍ឋានសួគ៌ (RHM),https://1a-1791.com/video/fww1/1b/s8/2/I/9/n/4/I9n4y.aaa.mp4,FALSE,N/A,និស្ស័យស្នេហ៍ឋានសួគ៌ (RHM),N/A
Ep 28,និស្ស័យស្នេហ៍ឋានសួគ៌ (RHM),https://1a-1791.com/video/fww1/3f/s8/2/C/M/n/4/CMn4y.aaa.mp4,FALSE,N/A,និស្ស័យស្នេហ៍ឋានសួគ៌ (RHM),N/A
Ep 29,និស្ស័យស្នេហ៍ឋានសួគ៌ (RHM),https://1a-1791.com/video/fww1/eb/s8/2/o/e/H/4/oeH4y.aaa.mp4,FALSE,N/A,និស្ស័យស្នេហ៍ឋានសួគ៌ (RHM),N/A
Ep 30,និស្ស័យស្នេហ៍ឋានសួគ៌ (RHM),https://1a-1791.com/video/fww1/e5/s8/2/4/N/1/4/4N14y.aaa.mp4,FALSE,N/A,និស្ស័យស្នេហ៍ឋានសួគ៌ (RHM),N/A
Ep 31,និស្ស័យស្នេហ៍ឋានសួគ៌ (RHM),https://1a-1791.com/video/fww1/c9/s8/2/E/M/n/5/EMn5y.aaa.mp4,FALSE,N/A,និស្ស័យស្នេហ៍ឋានសួគ៌ (RHM),N/A
Ep 32,និស្ស័យស្នេហ៍ឋានសួគ៌ (RHM),https://1a-1791.com/video/fww1/d9/s8/2/2/I/q/6/2Iq6y.aaa.mp4,FALSE,N/A,និស្ស័យស្នេហ៍ឋានសួគ៌ (RHM),N/A
Ep 33,និស្ស័យស្នេហ៍ឋានសួគ៌ (RHM),https://1a-1791.com/video/fww1/68/s8/2/2/8/l/7/28l7y.aaa.mp4,FALSE,N/A,និស្ស័យស្នេហ៍ឋានសួគ៌ (RHM),N/A
Ep 34,និស្ស័យស្នេហ៍ឋានសួគ៌ (RHM),https://1a-1791.com/video/fww1/8c/s8/2/O/9/l/7/O9l7y.aaa.mp4,FALSE,N/A,និស្ស័យស្នេហ៍ឋានសួគ៌ (RHM),N/A
Ep 35,និស្ស័យស្នេហ៍ឋានសួគ៌ (RHM),https://1a-1791.com/video/fww1/96/s8/2/4/-/l/7/4-l7y.aaa.mp4,FALSE,N/A,និស្ស័យស្នេហ៍ឋានសួគ៌ (RHM),N/A
Ep 36,និស្ស័យស្នេហ៍ឋានសួគ៌ (RHM),https://1a-1791.com/video/fww1/23/s8/2/8/N/x/-/8Nx-y.aaa.mp4,FALSE,N/A,និស្ស័យស្នេហ៍ឋានសួគ៌ (RHM),N/A
Ep 37,និស្ស័យស្នេហ៍ឋានសួគ៌ (RHM),https://1a-1791.com/video/fww1/11/s8/2/e/P/x/-/ePx-y.aaa.mp4,FALSE,N/A,និស្ស័យស្នេហ៍ឋានសួគ៌ (RHM),N/A
Ep 38,និស្ស័យស្នេហ៍ឋានសួគ៌ (RHM),https://1a-1791.com/video/fww1/ab/s8/2/4/P/x/-/4Px-y.aaa.mp4,FALSE,N/A,និស្ស័យស្នេហ៍ឋានសួគ៌ (RHM),N/A
Ep 39,និស្ស័យស្នេហ៍ឋានសួគ៌ (RHM),https://1a-1791.com/video/fww1/96/s8/2/y/3/Y/_/y3Y_y.aaa.mp4,FALSE,N/A,និស្ស័យស្នេហ៍ឋានសួគ៌ (RHM),N/A
Ep 40,និស្ស័យស្នេហ៍ឋានសួគ៌ (RHM),https://1a-1791.com/video/fww1/53/s8/2/A/Y/Y/_/AYY_y.aaa.mp4,FALSE,N/A,និស្ស័យស្នេហ៍ឋានសួគ៌ (RHM),N/A
Ep 41,និស្ស័យស្នេហ៍ឋានសួគ៌ (RHM),https://1a-1791.com/video/fww1/9c/s8/2/a/1/Y/_/a1Y_y.aaa.mp4,FALSE,N/A,និស្ស័យស្នេហ៍ឋានសួគ៌ (RHM),N/A
Ep 42,និស្ស័យស្នេហ៍ឋានសួគ៌ (RHM),https://1a-1791.com/video/fww1/a6/s8/2/M/X/Y/_/MXY_y.aaa.mp4,FALSE,N/A,និស្ស័យស្នេហ៍ឋានសួគ៌ (RHM),N/A
Ep 43,និស្ស័យស្នេហ៍ឋានសួគ៌ (RHM),https://1a-1791.com/video/fww1/53/s8/2/G/2/Y/_/G2Y_y.aaa.mp4,FALSE,N/A,និស្ស័យស្នេហ៍ឋានសួគ៌ (RHM),N/A
Ep 1,CEO បេះដូងត្រជាក់,https://hugh.cdn.rumble.clo…H/5/fnH5s.aaa.mp4,FALSE,N/A,CEO បេះដូងត្រជាក់,N/A
Ep 2,CEO បេះដូងត្រជាក់,https://hugh.cdn.rumble.clo…H/5/bqH5s.aaa.mp4,FALSE,N/A,CEO បេះដូងត្រជាក់,N/A
Ep 3,CEO បេះដូងត្រជាក់,https://hugh.cdn.rumble.clo…H/5/9sH5s.aaa.mp4,FALSE,N/A,CEO បេះដូងត្រជាក់,N/A
Ep 4,CEO បេះដូងត្រជាក់,https://hugh.cdn.rumble.clo…H/5/nyH5s.aaa.mp4,FALSE,N/A,CEO បេះដូងត្រជាក់,N/A
Ep 5,CEO បេះដូងត្រជាក់,https://hugh.cdn.rumble.clo…H/5/REH5s.aaa.mp4,FALSE,N/A,CEO បេះដូងត្រជាក់,N/A
Ep 6,CEO បេះដូងត្រជាក់,https://hugh.cdn.rumble.clo…H/5/TGH5s.aaa.mp4,FALSE,N/A,CEO បេះដូងត្រជាក់,N/A
Ep 7,CEO បេះដូងត្រជាក់,https://hugh.cdn.rumble.clo…H/5/6HH5s.aaa.mp4,FALSE,N/A,CEO បេះដូងត្រជាក់,N/A
Ep 8,CEO បេះដូងត្រជាក់,https://hugh.cdn.rumble.clo…H/5/5KH5s.aaa.mp4,FALSE,N/A,CEO បេះដូងត្រជាក់,N/A
Ep 9,CEO បេះដូងត្រជាក់,https://hugh.cdn.rumble.clo…H/5/fOH5s.aaa.mp4,FALSE,N/A,CEO បេះដូងត្រជាក់,N/A
Ep 10,CEO បេះដូងត្រជាក់,https://hugh.cdn.rumble.cl…H/5/fTH5s.aaa.mp4,FALSE,N/A,CEO បេះដូងត្រជាក់,N/A
Ep 11,CEO បេះដូងត្រជាក់,https://hugh.cdn.rumble.cl…H/5/fVH5s.aaa.mp4,FALSE,N/A,CEO បេះដូងត្រជាក់,N/A
Ep 12,CEO បេះដូងត្រជាក់,https://hugh.cdn.rumble.cl…H/5/vXH5s.aaa.mp4,FALSE,N/A,CEO បេះដូងត្រជាក់,N/A
Ep 13,CEO បេះដូងត្រជាក់,https://hugh.cdn.rumble.cl…H/5/f0H5s.aaa.mp4,FALSE,N/A,CEO បេះដូងត្រជាក់,N/A
Ep 14,CEO បេះដូងត្រជាក់,https://hugh.cdn.rumble.cl…H/5/51H5s.aaa.mp4,FALSE,N/A,CEO បេះដូងត្រជាក់,N/A
Ep 15,CEO បេះដូងត្រជាក់,https://hugh.cdn.rumble.cl…H/5/X6H5s.aaa.mp4,FALSE,N/A,CEO បេះដូងត្រជាក់,N/A
Ep 16,CEO បេះដូងត្រជាក់,https://hugh.cdn.rumble.cl…H/5/n-H5s.aaa.mp4,FALSE,N/A,CEO បេះដូងត្រជាក់,N/A
Ep 17,CEO បេះដូងត្រជាក់,https://hugh.cdn.rumble.cl…H/5/J_H5s.aaa.mp4,FALSE,N/A,CEO បេះដូងត្រជាក់,N/A
Ep 18,CEO បេះដូងត្រជាក់,https://hugh.cdn.rumble.cl…I/5/dcI5s.aaa.mp4,FALSE,N/A,CEO បេះដូងត្រជាក់,N/A
Ep 19,CEO បេះដូងត្រជាក់,https://hugh.cdn.rumble.cl…I/5/PdI5s.aaa.mp4,FALSE,N/A,CEO បេះដូងត្រជាក់,N/A
Ep 20,CEO បេះដូងត្រជាក់,https://hugh.cdn.rumble.cl…I/5/AfI5s.aaa.mp4,FALSE,N/A,CEO បេះដូងត្រជាក់,N/A
Ep 21,CEO បេះដូងត្រជាក់,https://hugh.cdn.rumble.cl…I/5/fhI5s.aaa.mp4,FALSE,N/A,CEO បេះដូងត្រជាក់,N/A
Ep 22,CEO បេះដូងត្រជាក់,https://hugh.cdn.rumble.cl…I/5/6iI5s.aaa.mp4,FALSE,N/A,CEO បេះដូងត្រជាក់,N/A
Ep 23,CEO បេះដូងត្រជាក់,https://hugh.cdn.rumble.cl…I/5/0jI5s.aaa.mp4,FALSE,N/A,CEO បេះដូងត្រជាក់,N/A
Ep 24,CEO បេះដូងត្រជាក់,https://hugh.cdn.rumble.cl…I/5/LlI5s.aaa.mp4,FALSE,N/A,CEO បេះដូងត្រជាក់,N/A